{"is_source_file": false, "format": "", "description": "", "external_files": [], "external_methods": [], "published": [], "classes": [], "methods": [], "calls": [], "search-terms": [], "state": 2, "file_id": 12, "knowledge_revision": 19, "git_revision": "69fe4300379733eb8e1a676ce9d1bffa2c4cf623", "hash": "ae5e1be51378eda87bb673871c6e0042", "format-version": 4, "code-base-name": "spotify_clone_frontend", "filename": "README.md", "revision_history": [{"19": "69fe4300379733eb8e1a676ce9d1bffa2c4cf623"}]}