{"is_source_file": true, "format": "JavaScript (ES6+), JSX", "description": "This file defines a React component 'PlaylistPage' for a music streaming web application. It displays playlist details and a list of tracks, allowing users to play or shuffle tracks via context API. The data is currently mocked and included within the project.", "external_files": ["../components/atoms/Button", "../components/molecules/TrackRow", "../context/PlayerContext", "../data/mockData"], "external_methods": ["useParams", "usePlayer", "setQueueAndPlay"], "published": ["PlaylistPage"], "classes": [], "methods": [{"name": "PlaylistPage()", "description": "React functional component rendering playlist details and track list; manages track playback via Player context.", "scope": "", "scopeKind": ""}], "calls": ["useParams()", "usePlayer()", "setQueueAndPlay(tracks, 0)", "tracksByPlaylist[id]", "featuredPlaylists.find(p => p.id === id)"], "search-terms": ["PlaylistPage", "mockData", "setQueueAndPlay", "TrackRow", "PlayerContext", "useParams"], "state": 2, "file_id": 30, "knowledge_revision": 69, "git_revision": "", "ctags": [{"_type": "tag", "name": "PlaylistPage", "path": "/home/kavia/workspace/code-generation/music-streamer-frontend-239592-239603/spotify_clone_frontend/src/pages/PlaylistPage.js", "pattern": "/^export function PlaylistPage() {$/", "language": "JavaScript", "kind": "function", "signature": "()"}, {"_type": "tag", "name": "color} p-5 ring-1 ring-white/10", "path": "/home/kavia/workspace/code-generation/music-streamer-frontend-239592-239603/spotify_clone_frontend/src/pages/PlaylistPage.js", "pattern": "/^      <div className={`rounded-2xl bg-gradient-to-br ${playlist.color} p-5 ring-1 ring-white\\/10/", "language": "JavaScript", "kind": "field", "scope": "PlaylistPage.AnonymousClassa3c25c400101.rounded-2xl bg-gradient-to-br ${playlist", "scopeKind": "class"}, {"_type": "tag", "name": "playlist", "path": "/home/kavia/workspace/code-generation/music-streamer-frontend-239592-239603/spotify_clone_frontend/src/pages/PlaylistPage.js", "pattern": "/^            src={playlist.cover}$/", "language": "JavaScript", "kind": "field", "scope": "PlaylistPage.src", "scopeKind": "class"}], "hash": "2aee21cd2f2f1dc2fa5ed3e2f886fea3", "format-version": 4, "code-base-name": "spotify_clone_frontend", "filename": "spotify_clone_frontend/src/pages/PlaylistPage.js", "fields": [{"name": "<div className={`rounded-2xl bg-gradient-to-br ${playlist.color} p-5 ring-1 ring-white\\/10/", "scope": "PlaylistPage.AnonymousClassa3c25c400101.rounded-2xl bg-gradient-to-br ${playlist", "scopeKind": "class", "description": "unavailable"}, {"name": "src={playlist.cover}", "scope": "PlaylistPage.src", "scopeKind": "class", "description": "unavailable"}], "revision_history": [{"69": ""}]}