{"is_source_file": true, "format": "JavaScript (React component)", "description": "React functional component 'BottomPlayer' defining a persistent music playback control bar, including controls for play/pause, previous/next track, and volume adjustment, utilizing context via usePlayer().", "external_files": ["../atoms/Icon", "../../context/PlayerContext"], "external_methods": ["usePlayer()"], "published": ["BottomPlayer"], "classes": [], "methods": [{"name": "BottomPlayer()", "description": "React functional component rendering a bottom music player control bar with play, pause, next, previous, and volume controls.", "scope": "", "scopeKind": ""}], "calls": ["usePlayer()", "togglePlay()", "next()", "previous()", "setPlayerVolume()"], "search-terms": ["BottomPlayer", "usePlayer", "React", "music control", "volume slider", "player controls"], "state": 2, "file_id": 25, "knowledge_revision": 64, "git_revision": "", "ctags": [{"_type": "tag", "name": "BottomPlayer", "path": "/home/kavia/workspace/code-generation/music-streamer-frontend-239592-239603/spotify_clone_frontend/src/components/organisms/BottomPlayer.js", "pattern": "/^export function BottomPlayer() {$/", "language": "JavaScript", "kind": "function", "signature": "()"}, {"_type": "tag", "name": "isPlaying", "path": "/home/kavia/workspace/code-generation/music-streamer-frontend-239592-239603/spotify_clone_frontend/src/components/organisms/BottomPlayer.js", "pattern": "/^              aria-label={isPlaying ? \"Pause\" : \"Play\"}$/", "language": "JavaScript", "kind": "field", "scope": "BottomPlayer.aria", "scopeKind": "class"}, {"_type": "tag", "name": "next", "path": "/home/kavia/workspace/code-generation/music-streamer-frontend-239592-239603/spotify_clone_frontend/src/components/organisms/BottomPlayer.js", "pattern": "/^              onClick={next}$/", "language": "JavaScript", "kind": "field", "scope": "BottomPlayer.onClick", "scopeKind": "class"}, {"_type": "tag", "name": "previous", "path": "/home/kavia/workspace/code-generation/music-streamer-frontend-239592-239603/spotify_clone_frontend/src/components/organisms/BottomPlayer.js", "pattern": "/^              onClick={previous}$/", "language": "JavaScript", "kind": "field", "scope": "BottomPlayer.onClick", "scopeKind": "class"}, {"_type": "tag", "name": "togglePlay", "path": "/home/kavia/workspace/code-generation/music-streamer-frontend-239592-239603/spotify_clone_frontend/src/components/organisms/BottomPlayer.js", "pattern": "/^              onClick={togglePlay}$/", "language": "JavaScript", "kind": "field", "scope": "BottomPlayer.onClick", "scopeKind": "class"}, {"_type": "tag", "name": "volume", "path": "/home/kavia/workspace/code-generation/music-streamer-frontend-239592-239603/spotify_clone_frontend/src/components/organisms/BottomPlayer.js", "pattern": "/^                value={volume}$/", "language": "JavaScript", "kind": "field", "scope": "BottomPlayer.value", "scopeKind": "class"}], "hash": "afd2dd091c4e538da45c257310f85bc0", "format-version": 4, "code-base-name": "spotify_clone_frontend", "filename": "spotify_clone_frontend/src/components/organisms/BottomPlayer.js", "fields": [{"name": "aria-label={isPlaying ? \"Pause\" : \"Play\"}", "scope": "BottomPlayer.aria", "scopeKind": "class", "description": "unavailable"}, {"name": "onClick={next}", "scope": "BottomPlayer.onClick", "scopeKind": "class", "description": "unavailable"}, {"name": "onClick={previous}", "scope": "BottomPlayer.onClick", "scopeKind": "class", "description": "unavailable"}, {"name": "onClick={togglePlay}", "scope": "BottomPlayer.onClick", "scopeKind": "class", "description": "unavailable"}, {"name": "value={volume}", "scope": "BottomPlayer.value", "scopeKind": "class", "description": "unavailable"}], "revision_history": [{"64": ""}]}