{"is_source_file": true, "format": "JavaScript/JSX", "description": "A React functional component providing a toggle button for switching between light and dark themes using context.", "external_files": ["../theme/ThemeContext"], "external_methods": ["useTheme"], "published": [], "classes": [], "methods": [{"name": "ThemeToggle()", "description": "A React component rendering a button to toggle theme between light and dark modes.", "scope": "", "scopeKind": ""}], "calls": ["useTheme()", "toggleTheme"], "search-terms": ["ThemeToggle", "useTheme", "toggleTheme", "light/dark theme", "React", "jsx"], "state": 2, "file_id": 11, "knowledge_revision": 30, "git_revision": "7f8ecede544281edfdb1e89685807f0775300c0b", "ctags": [{"_type": "tag", "name": "Switch to ${theme === \"dark\" ? \"light\" : \"dark\"} theme", "path": "/home/kavia/workspace/code-generation/music-streamer-frontend-239592-239603/spotify_clone_frontend/src/ui/ThemeToggle.jsx", "pattern": "/^      aria-label={`Switch to ${theme === \"dark\" ? \"light\" : \"dark\"} theme`}$/", "language": "JavaScript", "kind": "field", "scope": "ThemeToggle.aria", "scopeKind": "class"}, {"_type": "tag", "name": "Switch to ${theme === \"dark\" ? \"light\" : \"dark\"} theme", "path": "/home/kavia/workspace/code-generation/music-streamer-frontend-239592-239603/spotify_clone_frontend/src/ui/ThemeToggle.jsx", "pattern": "/^      title={`Switch to ${theme === \"dark\" ? \"light\" : \"dark\"} theme`}$/", "language": "JavaScript", "kind": "field", "scope": "ThemeToggle.title", "scopeKind": "class"}, {"_type": "tag", "name": "ThemeToggle", "path": "/home/kavia/workspace/code-generation/music-streamer-frontend-239592-239603/spotify_clone_frontend/src/ui/ThemeToggle.jsx", "pattern": "/^export default function ThemeToggle() {$/", "language": "JavaScript", "kind": "function", "signature": "()"}, {"_type": "tag", "name": "toggleTheme", "path": "/home/kavia/workspace/code-generation/music-streamer-frontend-239592-239603/spotify_clone_frontend/src/ui/ThemeToggle.jsx", "pattern": "/^      onClick={toggleTheme}$/", "language": "JavaScript", "kind": "field", "scope": "ThemeToggle.onClick", "scopeKind": "class"}], "hash": "846df1b5429dfe9c0ebb32d847f1c999", "format-version": 4, "code-base-name": "spotify_clone_frontend", "filename": "spotify_clone_frontend/src/ui/ThemeToggle.jsx", "fields": [{"name": "aria-label={`Switch to ${theme === \"dark\" ? \"light\" : \"dark\"} theme`}", "scope": "ThemeToggle.aria", "scopeKind": "class", "description": "unavailable"}, {"name": "title={`Switch to ${theme === \"dark\" ? \"light\" : \"dark\"} theme`}", "scope": "ThemeToggle.title", "scopeKind": "class", "description": "unavailable"}, {"name": "onClick={toggleTheme}", "scope": "ThemeToggle.onClick", "scopeKind": "class", "description": "unavailable"}], "revision_history": [{"30": "7f8ecede544281edfdb1e89685807f0775300c0b"}]}