{"is_source_file": false, "format": "", "description": "", "external_files": [], "external_methods": [], "published": [], "classes": [], "methods": [], "calls": [], "search-terms": [], "state": 2, "file_id": 11, "knowledge_revision": 22, "git_revision": "cb547bface2c5b4059ae1a6bb7a9716328610986", "hash": "ebece526bc2eadd78ddd787a76c56607", "format-version": 4, "code-base-name": "spotify_clone_frontend", "filename": "spotify_clone_frontend/README.md", "revision_history": [{"22": "cb547bface2c5b4059ae1a6bb7a9716328610986"}]}