{"is_source_file": true, "format": "JavaScript (React JSX)", "description": "This file defines a React functional component named TopNav that provides a sticky top navigation bar, including back/forward navigation and quick action buttons for Search and Library. It uses react-router-dom for navigation and custom Icon and Button components.", "external_files": ["../atoms/Icon", "../atoms/Button"], "external_methods": ["useNavigate"], "published": ["TopNav"], "classes": [], "methods": [{"name": "TopNav({ title })", "description": "Functional React component rendering a top navigation bar with back, forward, search, and library buttons.", "scope": "", "scopeKind": ""}], "calls": ["useNavigate", "navigate(-1)", "navigate(1)", "navigate(\"/search\")", "navigate(\"/library\")", "Icon", "Button"], "search-terms": ["TopNav", "react-router-dom", "sticky top navigation", "react component", "music app UI", "navigation bar"], "state": 2, "file_id": 24, "knowledge_revision": 63, "git_revision": "", "ctags": [{"_type": "tag", "name": "TopNav", "path": "/home/kavia/workspace/code-generation/music-streamer-frontend-239592-239603/spotify_clone_frontend/src/components/organisms/TopNav.js", "pattern": "/^export function TopNav({ title }) {$/", "language": "JavaScript", "kind": "function", "signature": "({ title })"}], "hash": "61de2e03c4699983b06cd82b32f997d8", "format-version": 4, "code-base-name": "spotify_clone_frontend", "filename": "spotify_clone_frontend/src/components/organisms/TopNav.js", "revision_history": [{"63": ""}]}