{"is_source_file": false, "format": "", "description": "", "external_files": [], "external_methods": [], "published": [], "classes": [], "methods": [], "calls": [], "search-terms": [], "state": 2, "file_id": 17, "knowledge_revision": 36, "git_revision": "7f8ecede544281edfdb1e89685807f0775300c0b", "ctags": [], "hash": "045de21f3b61eed5a2a4d3dc0a3be652", "format-version": 4, "code-base-name": "spotify_clone_frontend", "filename": "spotify_clone_frontend/src/setupTests.js", "revision_history": [{"36": "7f8ecede544281edfdb1e89685807f0775300c0b"}]}