{"is_source_file": false, "format": "", "description": "", "external_files": [], "external_methods": [], "published": [], "classes": [], "methods": [], "calls": [], "search-terms": [], "state": 2, "file_id": 3, "knowledge_revision": 29, "git_revision": "cb547bface2c5b4059ae1a6bb7a9716328610986", "hash": "c3afa3fcc691447135edc758448e44b0", "format-version": 4, "code-base-name": "spotify_clone_frontend", "filename": "spotify_clone_frontend/src/index.css", "revision_history": [{"29": "cb547bface2c5b4059ae1a6bb7a9716328610986"}]}