{"is_source_file": true, "format": "JavaScript (React JSX)", "description": "This file is the main entry point for a React application, responsible for rendering the root component into the DOM.", "external_files": ["react", "react-dom/client", "./index.css", "./App"], "external_methods": ["ReactDOM.createRoot", "root.render"], "published": [], "classes": [], "methods": [{"name": "ReactDOM.createRoot", "description": "Creates a root for rendering React components into the DOM."}, {"name": "root.render", "description": "Renders React components into the specified DOM node."}], "calls": ["ReactDOM.createRoot", "root.render"], "search-terms": ["React", "ReactDOM", "entry point", "render", "index.js", "main"], "state": 2, "file_id": 7, "knowledge_revision": 50, "git_revision": "cb547bface2c5b4059ae1a6bb7a9716328610986", "revision_history": [{"24": "cb547bface2c5b4059ae1a6bb7a9716328610986"}, {"50": "cb547bface2c5b4059ae1a6bb7a9716328610986"}], "ctags": [{"_type": "tag", "name": "root", "path": "/home/kavia/workspace/code-generation/music-streamer-frontend-239592-239603/spotify_clone_frontend/src/index.js", "pattern": "/^const root = ReactDOM.createRoot(document.getElementById(\"root\"));$/", "language": "JavaScript", "kind": "constant"}], "hash": "c5fdafd1d21c91382ec28c1710d2c642", "format-version": 4, "code-base-name": "spotify_clone_frontend", "filename": "spotify_clone_frontend/src/index.js"}