{"is_source_file": false, "format": "", "description": "", "external_files": [], "external_methods": [], "published": [], "classes": [], "methods": [], "calls": [], "search-terms": [], "state": 2, "file_id": 7, "knowledge_revision": 26, "git_revision": "7f8ecede544281edfdb1e89685807f0775300c0b", "hash": "db1fa2641f307569959ab5f3427922e8", "format-version": 4, "code-base-name": "spotify_clone_frontend", "filename": "spotify_clone_frontend/src/styles/index.css", "revision_history": [{"26": "7f8ecede544281edfdb1e89685807f0775300c0b"}]}