{"is_source_file": true, "format": "JavaScript", "description": "This file defines a utility function to format duration values from seconds into a 'minutes:seconds' string format.", "external_files": [], "external_methods": [], "published": ["formatDuration"], "classes": [], "methods": [{"name": "formatDuration(durationSec)", "description": "Converts a duration in seconds into a 'm:ss' string format.", "scope": "", "scopeKind": ""}], "calls": ["Math.floor", "String.prototype.padStart"], "search-terms": ["formatDuration", "duration", "seconds", "time formatting", "utility function"], "state": 2, "file_id": 16, "knowledge_revision": 55, "git_revision": "", "ctags": [{"_type": "tag", "name": "formatDuration", "path": "/home/kavia/workspace/code-generation/music-streamer-frontend-239592-239603/spotify_clone_frontend/src/utils/format.js", "pattern": "/^export function formatDuration(durationSec) {$/", "language": "JavaScript", "kind": "function", "signature": "(durationSec)"}], "hash": "ed744edebb4a127777e346544ab6792f", "format-version": 4, "code-base-name": "spotify_clone_frontend", "filename": "spotify_clone_frontend/src/utils/format.js", "revision_history": [{"55": ""}]}