{"is_source_file": true, "format": "JavaScript", "description": "This file manages theme preferences for a web application, including retrieving the stored theme, applying it to the document, and persisting user choices. It uses localStorage and system preferences to determine the theme, and leverages Tailwind CSS for dark mode styling.", "external_files": ["window.localStorage", "window.matchMedia", "document"], "external_methods": ["localStorage.getItem", "localStorage.setItem", "matchMedia", "classList.add", "classList.remove"], "published": ["getInitialTheme", "persistTheme", "applyThemeClass"], "classes": [], "methods": [{"name": "getInitialTheme()", "description": "Retrieves the initial theme preference, checking stored value and system preference, defaults to 'light'.", "scope": "", "scopeKind": ""}, {"name": "persistTheme(theme)", "description": "Stores the user's theme preference into localStorage.", "scope": "", "scopeKind": ""}, {"name": "applyThemeClass(theme)", "description": "Applies the selected theme to the document by adding or removing the 'dark' class on the root element.", "scope": "", "scopeKind": ""}], "calls": ["window.localStorage.getItem", "window.localStorage.setItem", "window.matchMedia", "document.documentElement.classList.add", "document.documentElement.classList.remove"], "search-terms": ["theme management", "dark mode", "localStorage", "Tailwind", "CSS class toggle", "system theme preference", "applyTheme", "persistTheme"], "state": 2, "file_id": 8, "knowledge_revision": 27, "git_revision": "7f8ecede544281edfdb1e89685807f0775300c0b", "ctags": [{"_type": "tag", "name": "THEME_STORAGE_KEY", "path": "/home/kavia/workspace/code-generation/music-streamer-frontend-239592-239603/spotify_clone_frontend/src/theme/theme.js", "pattern": "/^const THEME_STORAGE_KEY = \"theme\"; \\/\\/ \"light\" | \"dark\"$/", "language": "JavaScript", "kind": "constant"}, {"_type": "tag", "name": "applyThemeClass", "path": "/home/kavia/workspace/code-generation/music-streamer-frontend-239592-239603/spotify_clone_frontend/src/theme/theme.js", "pattern": "/^export function applyThemeClass(theme) {$/", "language": "JavaScript", "kind": "function", "signature": "(theme)"}, {"_type": "tag", "name": "getInitialTheme", "path": "/home/kavia/workspace/code-generation/music-streamer-frontend-239592-239603/spotify_clone_frontend/src/theme/theme.js", "pattern": "/^export function getInitialTheme() {$/", "language": "JavaScript", "kind": "function", "signature": "()"}, {"_type": "tag", "name": "persistTheme", "path": "/home/kavia/workspace/code-generation/music-streamer-frontend-239592-239603/spotify_clone_frontend/src/theme/theme.js", "pattern": "/^export function persistTheme(theme) {$/", "language": "JavaScript", "kind": "function", "signature": "(theme)"}], "hash": "5e10b5953c209cb4e2bf6fc3ad233fe5", "format-version": 4, "code-base-name": "spotify_clone_frontend", "filename": "spotify_clone_frontend/src/theme/theme.js", "revision_history": [{"27": "7f8ecede544281edfdb1e89685807f0775300c0b"}]}