{"is_source_file": true, "format": "JavaScript (JSX/React)", "description": "This is a React component definition for the Home page of a frontend application. It renders a section with a header, descriptive paragraph, and a styled featured box indicating a 'Daily Mix'.", "external_files": ["react"], "external_methods": [], "published": ["Home"], "classes": [], "methods": [{"name": "Home()", "description": "Functional React component that renders the Home page layout and content.", "scope": "", "scopeKind": ""}], "calls": [], "search-terms": ["Home.jsx", "React", "JSX", "React component", "frontend", "UI layout"], "state": 2, "file_id": 12, "knowledge_revision": 31, "git_revision": "7f8ecede544281edfdb1e89685807f0775300c0b", "ctags": [{"_type": "tag", "name": "Home", "path": "/home/kavia/workspace/code-generation/music-streamer-frontend-239592-239603/spotify_clone_frontend/src/pages/Home.jsx", "pattern": "/^export default function Home() {$/", "language": "JavaScript", "kind": "function", "signature": "()"}], "hash": "15f22b4f993398cfc0b5cf36382addd6", "format-version": 4, "code-base-name": "spotify_clone_frontend", "filename": "spotify_clone_frontend/src/pages/Home.jsx", "revision_history": [{"31": "7f8ecede544281edfdb1e89685807f0775300c0b"}]}