{"is_source_file": true, "format": "JavaScript/JSX", "description": "A React component defining the main layout for a Spotify clone application, including header, navigation, theme toggle, main outlet, and footer.", "external_files": ["../ui/ThemeToggle"], "external_methods": [], "published": ["AppLayout"], "classes": [], "methods": [{"name": "navLinkClass({ isActive })", "description": "Determines the CSS classes for navigation links depending on whether they are active.", "scope": "", "scopeKind": ""}, {"name": "AppLayout()", "scope": "", "scopeKind": "", "description": "unavailable"}], "calls": ["React", "React.Fragment", "react-router-dom:Outlet", "react-router-dom:NavLink", "ThemeToggle"], "search-terms": ["AppLayout", "react-router-dom", "ThemeToggle", "Navigation", "Header", "Layout", "sticky header", "react-router"], "state": 2, "file_id": 10, "knowledge_revision": 29, "git_revision": "7f8ecede544281edfdb1e89685807f0775300c0b", "ctags": [{"_type": "tag", "name": "AppLayout", "path": "/home/kavia/workspace/code-generation/music-streamer-frontend-239592-239603/spotify_clone_frontend/src/layouts/AppLayout.jsx", "pattern": "/^export default function AppLayout() {$/", "language": "JavaScript", "kind": "function", "signature": "()"}, {"_type": "tag", "name": "navLinkClass", "path": "/home/kavia/workspace/code-generation/music-streamer-frontend-239592-239603/spotify_clone_frontend/src/layouts/AppLayout.jsx", "pattern": "/^function navLinkClass({ isActive }) {$/", "language": "JavaScript", "kind": "function", "signature": "({ isActive })"}], "hash": "c5aeb20ef59c7be35a7721f31a4aa06d", "format-version": 4, "code-base-name": "spotify_clone_frontend", "filename": "spotify_clone_frontend/src/layouts/AppLayout.jsx", "revision_history": [{"29": "7f8ecede544281edfdb1e89685807f0775300c0b"}]}