{"is_source_file": true, "format": "JavaScript/JSX", "description": "This file defines a React component for the Search page of a music streaming application. It renders a section with a header and a search input box.", "external_files": [], "external_methods": [], "published": ["Search"], "classes": [], "methods": [{"name": "Search()", "description": "React functional component returning JSX for the search page.", "scope": "", "scopeKind": ""}], "calls": [], "search-terms": ["Search", "React", "JSX", "UI component", "music search", "frontend"], "state": 2, "file_id": 13, "knowledge_revision": 32, "git_revision": "7f8ecede544281edfdb1e89685807f0775300c0b", "ctags": [{"_type": "tag", "name": "Search", "path": "/home/kavia/workspace/code-generation/music-streamer-frontend-239592-239603/spotify_clone_frontend/src/pages/Search.jsx", "pattern": "/^export default function Search() {$/", "language": "JavaScript", "kind": "function", "signature": "()"}], "hash": "d9b8a43c7d561dc58d805f4ca6009ede", "format-version": 4, "code-base-name": "spotify_clone_frontend", "filename": "spotify_clone_frontend/src/pages/Search.jsx", "revision_history": [{"32": "7f8ecede544281edfdb1e89685807f0775300c0b"}]}