{"is_source_file": false, "format": "", "description": "", "external_files": [], "external_methods": [], "published": [], "classes": [], "methods": [], "calls": [], "search-terms": [], "state": 2, "file_id": 6, "knowledge_revision": 49, "git_revision": "cb547bface2c5b4059ae1a6bb7a9716328610986", "hash": "f473568f4f009631d0e79de920494e42", "format-version": 4, "code-base-name": "spotify_clone_frontend", "filename": "spotify_clone_frontend/src/App.css", "revision_history": [{"49": "cb547bface2c5b4059ae1a6bb7a9716328610986"}]}