{"is_source_file": false, "format": null, "description": "", "external_files": [], "external_methods": [], "published": [], "classes": [], "methods": [], "calls": [], "search-terms": [], "state": 2, "file_id": 2, "knowledge_revision": 14, "git_revision": "7f8ecede544281edfdb1e89685807f0775300c0b", "hash": "a8f7b77ed13f200f6e3239679c292a27", "format-version": 4, "code-base-name": "spotify_clone_frontend", "filename": "spotify_clone_frontend/package.json", "revision_history": [{"14": "7f8ecede544281edfdb1e89685807f0775300c0b"}]}