{"is_source_file": true, "format": "JavaScript (React JSX)", "description": "This file is the entry point for a React application, setting up the root DOM node and rendering the main App component within React.StrictMode.", "external_files": ["react", "react-dom/client", "./App", "./styles/index.css"], "external_methods": ["createRoot", "React.StrictMode"], "published": [], "classes": [], "methods": [{"name": "render", "description": "Renders the React application into the DOM element with id 'root'."}], "calls": ["createRoot", "root.render", "React.StrictMode", "App"], "search-terms": ["React", "createRoot", "index.js", "React.StrictMode", "root.render"], "state": 2, "file_id": 6, "knowledge_revision": 25, "git_revision": "7f8ecede544281edfdb1e89685807f0775300c0b", "ctags": [{"_type": "tag", "name": "root", "path": "/home/kavia/workspace/code-generation/music-streamer-frontend-239592-239603/spotify_clone_frontend/src/index.js", "pattern": "/^const root = createRoot(document.getElementById(\"root\"));$/", "language": "JavaScript", "kind": "constant"}], "hash": "0677c2309fce37ab283409c931016490", "format-version": 4, "code-base-name": "spotify_clone_frontend", "filename": "spotify_clone_frontend/src/index.js", "revision_history": [{"25": "7f8ecede544281edfdb1e89685807f0775300c0b"}]}