{"is_source_file": true, "format": "JavaScript (React JSX)", "description": "This file defines a React functional component 'TrackRow' that renders a track's metadata and handles user interactions such as playing the track.", "external_files": ["../../utils/format", "../../context/PlayerContext"], "external_methods": ["formatDuration"], "published": ["TrackRow"], "classes": [], "methods": [{"name": "TrackRow({ track, index, queue })", "description": "A React functional component that displays a track's information and triggers playback when clicked or activated via keyboard.", "scope": "", "scopeKind": ""}], "calls": ["usePlayer", "formatDuration", "playTrack"], "search-terms": ["TrackRow", "React component", "PlayerContext", "formatDuration", "track metadata", "play track UI"], "state": 2, "file_id": 21, "knowledge_revision": 60, "git_revision": "", "ctags": [{"_type": "tag", "name": "0", "path": "/home/kavia/workspace/code-generation/music-streamer-frontend-239592-239603/spotify_clone_frontend/src/components/molecules/TrackRow.js", "pattern": "/^      tabIndex={0}$/", "language": "JavaScript", "kind": "field", "scope": "TrackRow.tabIndex", "scopeKind": "class"}, {"_type": "tag", "name": "TrackRow", "path": "/home/kavia/workspace/code-generation/music-streamer-frontend-239592-239603/spotify_clone_frontend/src/components/molecules/TrackRow.js", "pattern": "/^export function TrackRow({ track, index, queue }) {$/", "language": "JavaScript", "kind": "function", "signature": "({ track, index, queue })"}, {"_type": "tag", "name": "artist}", "path": "/home/kavia/workspace/code-generation/music-streamer-frontend-239592-239603/spotify_clone_frontend/src/components/molecules/TrackRow.js", "pattern": "/^      aria-label={`Play ${track.title} by ${track.artist}`}$/", "language": "JavaScript", "kind": "field", "scope": "TrackRow.aria.Play ${track.title} by ${track", "scopeKind": "class"}, {"_type": "tag", "name": "group grid grid-cols-[32px_1fr_auto] items-center gap-3 rounded-lg px-3 py-2\n      hover:bg-white/5 transition ${isActive ? \"bg-white/6 ring-1 ring-white/10\" : \"\"}", "path": "/home/kavia/workspace/code-generation/music-streamer-frontend-239592-239603/spotify_clone_frontend/src/components/molecules/TrackRow.js", "pattern": "/^      hover:bg-white\\/5 transition ${isActive ? \"bg-white\\/6 ring-1 ring-white\\/10\" : \"\"}`}$/", "language": "JavaScript", "kind": "field", "scope": "TrackRow.className", "scopeKind": "class"}], "hash": "3bb1870fefec05ec835144822eceacc6", "format-version": 4, "code-base-name": "spotify_clone_frontend", "filename": "spotify_clone_frontend/src/components/molecules/TrackRow.js", "fields": [{"name": "tabIndex={0}", "scope": "TrackRow.tabIndex", "scopeKind": "class", "description": "unavailable"}, {"name": "aria-label={`Play ${track.title} by ${track.artist}`}", "scope": "TrackRow.aria.Play ${track.title} by ${track", "scopeKind": "class", "description": "unavailable"}, {"name": "hover:bg-white\\/5 transition ${isActive ? \"bg-white\\/6 ring-1 ring-white\\/10\" : \"\"}`}", "scope": "TrackRow.className", "scopeKind": "class", "description": "unavailable"}], "revision_history": [{"60": ""}]}