{"is_source_file": true, "file_id": 32, "git_revision": "", "state": 1, "description": "", "external_files": [], "external_methods": [], "published": [], "classes": [], "methods": [], "calls": [], "search-terms": [], "ctags": [{"_type": "tag", "name": "AppRouter", "path": "/home/kavia/workspace/code-generation/music-streamer-frontend-239592-239603/spotify_clone_frontend/src/routes/AppRouter.js", "pattern": "/^export function AppRouter() {$/", "language": "JavaScript", "kind": "function", "signature": "()"}, {"_type": "tag", "name": "router", "path": "/home/kavia/workspace/code-generation/music-streamer-frontend-239592-239603/spotify_clone_frontend/src/routes/AppRouter.js", "pattern": "/^  return <RouterProvider router={router} \\/>;$/", "language": "JavaScript", "kind": "field", "scope": "AppRouter.AnonymousClassb6eaf2050101", "scopeKind": "class"}, {"_type": "tag", "name": "router", "path": "/home/kavia/workspace/code-generation/music-streamer-frontend-239592-239603/spotify_clone_frontend/src/routes/AppRouter.js", "pattern": "/^const router = createBrowserRouter([$/", "language": "JavaScript", "kind": "constant"}], "format": "JavaScript", "hash": "3bb0e5bba9bd0c77fc11de13f0c5cd63", "format-version": 4, "code-base-name": "spotify_clone_frontend", "filename": "spotify_clone_frontend/src/routes/AppRouter.js", "knowledge_revision": 47}