{"is_source_file": true, "format": "JavaScript (or TypeScript) (test setup file with Jest)", "description": "This file sets up custom matchers for Jest testing library, specifically for DOM assertions, importing the '@testing-library/jest-dom' module.", "external_files": ["@testing-library/jest-dom"], "external_methods": ["expect", "toHaveTextContent"], "published": [], "classes": [], "methods": [], "calls": ["import '@testing-library/jest-dom'"], "search-terms": ["jest-dom", "setupTests.js", "testing-library", "Jest", "DOM assertions"], "state": 2, "file_id": 2, "knowledge_revision": 23, "git_revision": "cb547bface2c5b4059ae1a6bb7a9716328610986", "ctags": [], "hash": "1a77571e1a8cf36018a41bcedf60db75", "format-version": 4, "code-base-name": "spotify_clone_frontend", "filename": "spotify_clone_frontend/src/setupTests.js", "revision_history": [{"23": "cb547bface2c5b4059ae1a6bb7a9716328610986"}]}