{"is_source_file": true, "format": "JavaScript (React component)", "description": "This file defines a React functional component 'Icon' that renders inline SVG icons based on a 'name' prop. It includes a collection of SVG path definitions for various icons used within the frontend project.", "external_files": [], "external_methods": [], "published": ["Icon"], "classes": [], "methods": [{"name": "Icon({ name, className = \"w-5 h-5\", strokeWidth = 1.8 })", "description": "A React component that returns an inline SVG icon based on provided 'name' prop.", "scope": "", "scopeKind": ""}], "calls": ["React.createElement", "Icons[name]"], "search-terms": ["Icon", "SVG", "React", "icon rendering", "path data"], "state": 2, "file_id": 18, "knowledge_revision": 57, "git_revision": "", "ctags": [{"_type": "tag", "name": "Icon", "path": "/home/kavia/workspace/code-generation/music-streamer-frontend-239592-239603/spotify_clone_frontend/src/components/atoms/Icon.js", "pattern": "/^export function Icon({ name, className = \"w-5 h-5\", strokeWidth = 1.8 }) {$/", "language": "JavaScript", "kind": "function", "signature": "({ name, className = \"w-5 h-5\", strokeWidth = 1.8 })"}, {"_type": "tag", "name": "chevronLeft", "path": "/home/kavia/workspace/code-generation/music-streamer-frontend-239592-239603/spotify_clone_frontend/src/components/atoms/Icon.js", "pattern": "/^  chevronLeft: <path d=\"M15 18 9 12l6-6\" \\/>,$/", "language": "JavaScript", "kind": "property", "scope": "icons", "scopeKind": "class"}, {"_type": "tag", "name": "chevronRight", "path": "/home/kavia/workspace/code-generation/music-streamer-frontend-239592-239603/spotify_clone_frontend/src/components/atoms/Icon.js", "pattern": "/^  chevronRight: <path d=\"m9 18 6-6-6-6\" \\/>,$/", "language": "JavaScript", "kind": "property", "scope": "icons", "scopeKind": "class"}, {"_type": "tag", "name": "className", "path": "/home/kavia/workspace/code-generation/music-streamer-frontend-239592-239603/spotify_clone_frontend/src/components/atoms/Icon.js", "pattern": "/^      className={className}$/", "language": "JavaScript", "kind": "field", "scope": "Icon.className", "scopeKind": "class"}, {"_type": "tag", "name": "heart", "path": "/home/kavia/workspace/code-generation/music-streamer-frontend-239592-239603/spotify_clone_frontend/src/components/atoms/Icon.js", "pattern": "/^  heart: ($/", "language": "JavaScript", "kind": "property", "scope": "icons", "scopeKind": "class"}, {"_type": "tag", "name": "home", "path": "/home/kavia/workspace/code-generation/music-streamer-frontend-239592-239603/spotify_clone_frontend/src/components/atoms/Icon.js", "pattern": "/^  home: ($/", "language": "JavaScript", "kind": "property", "scope": "icons", "scopeKind": "class"}, {"_type": "tag", "name": "icons", "path": "/home/kavia/workspace/code-generation/music-streamer-frontend-239592-239603/spotify_clone_frontend/src/components/atoms/Icon.js", "pattern": "/^const icons = {$/", "language": "JavaScript", "kind": "class"}, {"_type": "tag", "name": "library", "path": "/home/kavia/workspace/code-generation/music-streamer-frontend-239592-239603/spotify_clone_frontend/src/components/atoms/Icon.js", "pattern": "/^  library: ($/", "language": "JavaScript", "kind": "property", "scope": "icons", "scopeKind": "class"}, {"_type": "tag", "name": "pause", "path": "/home/kavia/workspace/code-generation/music-streamer-frontend-239592-239603/spotify_clone_frontend/src/components/atoms/Icon.js", "pattern": "/^  pause: <path d=\"M7 5h4v14H7zM13 5h4v14h-4z\" \\/>,$/", "language": "JavaScript", "kind": "property", "scope": "icons", "scopeKind": "class"}, {"_type": "tag", "name": "play", "path": "/home/kavia/workspace/code-generation/music-streamer-frontend-239592-239603/spotify_clone_frontend/src/components/atoms/Icon.js", "pattern": "/^  play: <path d=\"M8 5v14l11-7-11-7Z\" \\/>,$/", "language": "JavaScript", "kind": "property", "scope": "icons", "scopeKind": "class"}, {"_type": "tag", "name": "plus", "path": "/home/kavia/workspace/code-generation/music-streamer-frontend-239592-239603/spotify_clone_frontend/src/components/atoms/Icon.js", "pattern": "/^  plus: <path d=\"M12 5v14M5 12h14\" \\/>,$/", "language": "JavaScript", "kind": "property", "scope": "icons", "scopeKind": "class"}, {"_type": "tag", "name": "search", "path": "/home/kavia/workspace/code-generation/music-streamer-frontend-239592-239603/spotify_clone_frontend/src/components/atoms/Icon.js", "pattern": "/^  search: ($/", "language": "JavaScript", "kind": "property", "scope": "icons", "scopeKind": "class"}, {"_type": "tag", "name": "skipNext", "path": "/home/kavia/workspace/code-generation/music-streamer-frontend-239592-239603/spotify_clone_frontend/src/components/atoms/Icon.js", "pattern": "/^  skipNext: <path d=\"M7 6v12l9-6-9-6Zm10 0h2v12h-2V6Z\" \\/>,$/", "language": "JavaScript", "kind": "property", "scope": "icons", "scopeKind": "class"}, {"_type": "tag", "name": "skipPrev", "path": "/home/kavia/workspace/code-generation/music-streamer-frontend-239592-239603/spotify_clone_frontend/src/components/atoms/Icon.js", "pattern": "/^  skipPrev: <path d=\"M17 6v12l-9-6 9-6ZM5 6h2v12H5V6Z\" \\/>,$/", "language": "JavaScript", "kind": "property", "scope": "icons", "scopeKind": "class"}, {"_type": "tag", "name": "strokeWidth", "path": "/home/kavia/workspace/code-generation/music-streamer-frontend-239592-239603/spotify_clone_frontend/src/components/atoms/Icon.js", "pattern": "/^      strokeWidth={strokeWidth}$/", "language": "JavaScript", "kind": "field", "scope": "Icon.strokeWidth", "scopeKind": "class"}, {"_type": "tag", "name": "volume", "path": "/home/kavia/workspace/code-generation/music-streamer-frontend-239592-239603/spotify_clone_frontend/src/components/atoms/Icon.js", "pattern": "/^  volume: ($/", "language": "JavaScript", "kind": "property", "scope": "icons", "scopeKind": "class"}], "hash": "a219dd0af5742cb03c27088e61daf228", "format-version": 4, "code-base-name": "spotify_clone_frontend", "filename": "spotify_clone_frontend/src/components/atoms/Icon.js", "fields": [{"name": "chevronLeft: <path d=\"M15 18 9 12l6-6\" \\/>,", "scope": "icons", "scopeKind": "class", "description": "unavailable"}, {"name": "chevronRight: <path d=\"m9 18 6-6-6-6\" \\/>,", "scope": "icons", "scopeKind": "class", "description": "unavailable"}, {"name": "className={className}", "scope": "Icon.className", "scopeKind": "class", "description": "unavailable"}, {"name": "heart: (", "scope": "icons", "scopeKind": "class", "description": "unavailable"}, {"name": "home: (", "scope": "icons", "scopeKind": "class", "description": "unavailable"}, {"name": "library: (", "scope": "icons", "scopeKind": "class", "description": "unavailable"}, {"name": "pause: <path d=\"M7 5h4v14H7zM13 5h4v14h-4z\" \\/>,", "scope": "icons", "scopeKind": "class", "description": "unavailable"}, {"name": "play: <path d=\"M8 5v14l11-7-11-7Z\" \\/>,", "scope": "icons", "scopeKind": "class", "description": "unavailable"}, {"name": "plus: <path d=\"M12 5v14M5 12h14\" \\/>,", "scope": "icons", "scopeKind": "class", "description": "unavailable"}, {"name": "search: (", "scope": "icons", "scopeKind": "class", "description": "unavailable"}, {"name": "skipNext: <path d=\"M7 6v12l9-6-9-6Zm10 0h2v12h-2V6Z\" \\/>,", "scope": "icons", "scopeKind": "class", "description": "unavailable"}, {"name": "skipPrev: <path d=\"M17 6v12l-9-6 9-6ZM5 6h2v12H5V6Z\" \\/>,", "scope": "icons", "scopeKind": "class", "description": "unavailable"}, {"name": "strokeWidth={strokeWidth}", "scope": "Icon.strokeWidth", "scopeKind": "class", "description": "unavailable"}, {"name": "volume: (", "scope": "icons", "scopeKind": "class", "description": "unavailable"}], "revision_history": [{"57": ""}]}