{"is_source_file": false, "format": "", "description": "", "external_files": [], "external_methods": [], "published": [], "classes": [], "methods": [], "calls": [], "search-terms": [], "state": 2, "file_id": 5, "knowledge_revision": 24, "git_revision": "7f8ecede544281edfdb1e89685807f0775300c0b", "hash": "d3661909cb8bb5a50756eea916f93506", "format-version": 4, "code-base-name": "spotify_clone_frontend", "filename": "spotify_clone_frontend/public/index.html", "revision_history": [{"24": "7f8ecede544281edfdb1e89685807f0775300c0b"}]}