{"is_source_file": false, "format": "", "description": "", "external_files": [], "external_methods": [], "published": [], "classes": [], "methods": [], "calls": [], "search-terms": [], "state": 2, "file_id": 8, "knowledge_revision": 20, "git_revision": "cb547bface2c5b4059ae1a6bb7a9716328610986", "hash": "d9d975cebe2ec20b6c652e1e4c12ccf0", "format-version": 4, "code-base-name": "spotify_clone_frontend", "filename": "spotify_clone_frontend/public/manifest.json", "revision_history": [{"20": "cb547bface2c5b4059ae1a6bb7a9716328610986"}]}