{"is_source_file": false, "format": "", "description": "", "external_files": [], "external_methods": [], "published": [], "classes": [], "methods": [], "calls": [], "search-terms": [], "state": 2, "file_id": 1, "knowledge_revision": 26, "git_revision": "cb547bface2c5b4059ae1a6bb7a9716328610986", "hash": "02c60aea87791a67ef006a8c54e612b4", "format-version": 4, "code-base-name": "spotify_clone_frontend", "filename": "spotify_clone_frontend/package.json", "revision_history": [{"26": "cb547bface2c5b4059ae1a6bb7a9716328610986"}]}