{"is_source_file": true, "format": "JavaScript/React JSX", "description": "This file defines a React context component for theme management in a frontend application, including a provider and a hook for consuming theme state.", "external_files": ["./theme"], "external_methods": ["applyThemeClass", "getInitialTheme", "persistTheme"], "published": ["ThemeProvider", "useTheme"], "classes": [], "methods": [{"name": "ThemeProvider({ children })", "description": "Provides theme state and actions for the app, managing theme toggling, persistence, and application.", "scope": "", "scopeKind": ""}, {"name": "useTheme()", "description": "Custom hook to access theme context with safety check.", "scope": "", "scopeKind": ""}], "calls": ["React.createContext", "useState", "useEffect", "useMemo", "useContext", "applyThemeClass", "getInitialTheme", "persistTheme", "setTheme"], "search-terms": ["ThemeContext", "ThemeProvider", "useTheme", "applyThemeClass", "getInitialTheme", "persistTheme", "dark", "light"], "state": 2, "file_id": 9, "knowledge_revision": 28, "git_revision": "7f8ecede544281edfdb1e89685807f0775300c0b", "ctags": [{"_type": "tag", "name": "ThemeContext", "path": "/home/kavia/workspace/code-generation/music-streamer-frontend-239592-239603/spotify_clone_frontend/src/theme/ThemeContext.jsx", "pattern": "/^const ThemeContext = createContext(null);$/", "language": "JavaScript", "kind": "constant"}, {"_type": "tag", "name": "ThemeProvider", "path": "/home/kavia/workspace/code-generation/music-streamer-frontend-239592-239603/spotify_clone_frontend/src/theme/ThemeContext.jsx", "pattern": "/^export function ThemeProvider({ children }) {$/", "language": "JavaScript", "kind": "function", "signature": "({ children })"}, {"_type": "tag", "name": "useTheme", "path": "/home/kavia/workspace/code-generation/music-streamer-frontend-239592-239603/spotify_clone_frontend/src/theme/ThemeContext.jsx", "pattern": "/^export function useTheme() {$/", "language": "JavaScript", "kind": "function", "signature": "()"}, {"_type": "tag", "name": "value", "path": "/home/kavia/workspace/code-generation/music-streamer-frontend-239592-239603/spotify_clone_frontend/src/theme/ThemeContext.jsx", "pattern": "/^  return <ThemeContext.Provider value={value}>{children}<\\/ThemeContext.Provider>;$/", "language": "JavaScript", "kind": "field", "scope": "Provider", "scopeKind": "class"}], "hash": "022403ba0656a5aa9df7ad998c86be90", "format-version": 4, "code-base-name": "spotify_clone_frontend", "filename": "spotify_clone_frontend/src/theme/ThemeContext.jsx", "fields": [{"name": "return <ThemeContext.Provider value={value}>{children}<\\/ThemeContext.Provider>;", "scope": "Provider", "scopeKind": "class", "description": "unavailable"}], "revision_history": [{"28": "7f8ecede544281edfdb1e89685807f0775300c0b"}]}