{"is_source_file": true, "format": "JavaScript", "description": "This is a Tailwind CSS configuration file in JavaScript format. It sets up Tailwind to use class-based dark mode, specifies content files for purge, and includes theme customization and plugins.", "external_files": ["tailwindcss"], "external_methods": [], "published": [], "classes": [], "methods": [], "calls": ["module.exports"], "search-terms": ["tailwind.config.js", "tailwindcss", "darkMode", "content", "theme", "plugins"], "state": 2, "file_id": 3, "knowledge_revision": 22, "git_revision": "7f8ecede544281edfdb1e89685807f0775300c0b", "ctags": [{"_type": "tag", "name": "content", "path": "/home/kavia/workspace/code-generation/music-streamer-frontend-239592-239603/spotify_clone_frontend/tailwind.config.js", "pattern": "/^  content: [\".\\/public\\/index.html\", \".\\/src\\/**\\/*.{js,jsx,ts,tsx}\"],$/", "language": "JavaScript", "kind": "property", "scope": "module.exports", "scopeKind": "class"}, {"_type": "tag", "name": "darkMode", "path": "/home/kavia/workspace/code-generation/music-streamer-frontend-239592-239603/spotify_clone_frontend/tailwind.config.js", "pattern": "/^  darkMode: \"class\",$/", "language": "JavaScript", "kind": "property", "scope": "module.exports", "scopeKind": "class"}, {"_type": "tag", "name": "exports", "path": "/home/kavia/workspace/code-generation/music-streamer-frontend-239592-239603/spotify_clone_frontend/tailwind.config.js", "pattern": "/^module.exports = {$/", "language": "JavaScript", "kind": "class", "scope": "module", "scopeKind": "class"}, {"_type": "tag", "name": "extend", "path": "/home/kavia/workspace/code-generation/music-streamer-frontend-239592-239603/spotify_clone_frontend/tailwind.config.js", "pattern": "/^    extend: {}$/", "language": "JavaScript", "kind": "property", "scope": "module.exports.theme", "scopeKind": "class"}, {"_type": "tag", "name": "plugins", "path": "/home/kavia/workspace/code-generation/music-streamer-frontend-239592-239603/spotify_clone_frontend/tailwind.config.js", "pattern": "/^  plugins: []$/", "language": "JavaScript", "kind": "property", "scope": "module.exports", "scopeKind": "class"}, {"_type": "tag", "name": "theme", "path": "/home/kavia/workspace/code-generation/music-streamer-frontend-239592-239603/spotify_clone_frontend/tailwind.config.js", "pattern": "/^  theme: {$/", "language": "JavaScript", "kind": "class", "scope": "module.exports", "scopeKind": "class"}], "hash": "6cc1e557417280dc3ab1c5c15a0d4ead", "format-version": 4, "code-base-name": "spotify_clone_frontend", "filename": "spotify_clone_frontend/tailwind.config.js", "fields": [{"name": "content: [\".\\/public\\/index.html\", \".\\/src\\/**\\/*.{js,jsx,ts,tsx}\"],", "scope": "module.exports", "scopeKind": "class", "description": "unavailable"}, {"name": "darkMode: \"class\",", "scope": "module.exports", "scopeKind": "class", "description": "unavailable"}, {"name": "extend: {}", "scope": "module.exports.theme", "scopeKind": "class", "description": "unavailable"}, {"name": "plugins: []", "scope": "module.exports", "scopeKind": "class", "description": "unavailable"}], "revision_history": [{"22": "7f8ecede544281edfdb1e89685807f0775300c0b"}]}