{"is_source_file": true, "format": "JavaScript", "description": "This file defines a React context and provider for managing global music player state, including playlist queue, playback controls, volume, and current track. It includes state management functions and exposes a hook for consuming the context.", "external_files": ["../data/mockData"], "external_methods": ["tracksByPlaylist", "featuredPlaylists"], "published": ["PlayerProvider", "usePlayer"], "classes": [], "methods": [{"name": "buildInitialQueue()", "description": "Initializes the track queue based on the first featured playlist.", "scope": "", "scopeKind": ""}, {"name": "PlayerProvider({ children })", "scope": "", "scopeKind": "", "description": "unavailable"}, {"name": "usePlayer()", "scope": "", "scopeKind": "", "description": "unavailable"}], "calls": ["createContext", "useContext", "useMemo", "useState", "tracksByPlaylist", "featuredPlaylists"], "search-terms": ["PlayerContext", "PlayerProvider", "usePlayer", "global player state", "mock playback", "track queue", "volume control"], "state": 2, "file_id": 17, "knowledge_revision": 56, "git_revision": "", "ctags": [{"_type": "tag", "name": "PlayerContext", "path": "/home/kavia/workspace/code-generation/music-streamer-frontend-239592-239603/spotify_clone_frontend/src/context/PlayerContext.js", "pattern": "/^const PlayerContext = createContext(null);$/", "language": "JavaScript", "kind": "constant"}, {"_type": "tag", "name": "PlayerProvider", "path": "/home/kavia/workspace/code-generation/music-streamer-frontend-239592-239603/spotify_clone_frontend/src/context/PlayerContext.js", "pattern": "/^export function PlayerProvider({ children }) {$/", "language": "JavaScript", "kind": "function", "signature": "({ children })"}, {"_type": "tag", "name": "buildInitialQueue", "path": "/home/kavia/workspace/code-generation/music-streamer-frontend-239592-239603/spotify_clone_frontend/src/context/PlayerContext.js", "pattern": "/^function buildInitialQueue() {$/", "language": "JavaScript", "kind": "function", "signature": "()"}, {"_type": "tag", "name": "usePlayer", "path": "/home/kavia/workspace/code-generation/music-streamer-frontend-239592-239603/spotify_clone_frontend/src/context/PlayerContext.js", "pattern": "/^export function usePlayer() {$/", "language": "JavaScript", "kind": "function", "signature": "()"}, {"_type": "tag", "name": "value", "path": "/home/kavia/workspace/code-generation/music-streamer-frontend-239592-239603/spotify_clone_frontend/src/context/PlayerContext.js", "pattern": "/^  return <PlayerContext.Provider value={value}>{children}<\\/PlayerContext.Provider>;$/", "language": "JavaScript", "kind": "field", "scope": "Provider", "scopeKind": "class"}], "hash": "855ca38fc83ae29279a10191f189760d", "format-version": 4, "code-base-name": "spotify_clone_frontend", "filename": "spotify_clone_frontend/src/context/PlayerContext.js", "fields": [{"name": "return <PlayerContext.Provider value={value}>{children}<\\/PlayerContext.Provider>;", "scope": "Provider", "scopeKind": "class", "description": "unavailable"}], "revision_history": [{"56": ""}]}