{"is_source_file": true, "file_id": 4, "git_revision": "7f8ecede544281edfdb1e89685807f0775300c0b", "state": 3, "description": "", "external_files": [], "external_methods": [], "published": [], "classes": [], "methods": [], "calls": [], "search-terms": [], "ctags": [{"_type": "tag", "name": "autoprefixer", "path": "/home/kavia/workspace/code-generation/music-streamer-frontend-239592-239603/spotify_clone_frontend/postcss.config.js", "pattern": "/^    autoprefixer: {}$/", "language": "JavaScript", "kind": "property", "scope": "module.exports.plugins", "scopeKind": "class"}, {"_type": "tag", "name": "exports", "path": "/home/kavia/workspace/code-generation/music-streamer-frontend-239592-239603/spotify_clone_frontend/postcss.config.js", "pattern": "/^module.exports = {$/", "language": "JavaScript", "kind": "class", "scope": "module", "scopeKind": "class"}, {"_type": "tag", "name": "plugins", "path": "/home/kavia/workspace/code-generation/music-streamer-frontend-239592-239603/spotify_clone_frontend/postcss.config.js", "pattern": "/^  plugins: {$/", "language": "JavaScript", "kind": "class", "scope": "module.exports", "scopeKind": "class"}, {"_type": "tag", "name": "tailwindcss", "path": "/home/kavia/workspace/code-generation/music-streamer-frontend-239592-239603/spotify_clone_frontend/postcss.config.js", "pattern": "/^    tailwindcss: {},$/", "language": "JavaScript", "kind": "property", "scope": "module.exports.plugins", "scopeKind": "class"}], "format": "JavaScript", "hash": "86e9e20e4c60281535291ad9a3b993f6", "format-version": 4, "code-base-name": "spotify_clone_frontend", "filename": "spotify_clone_frontend/postcss.config.js", "knowledge_revision": 6}