{"is_source_file": true, "format": "JavaScript (React JSX)", "description": "This file defines the main application component for a React-based frontend, setting up routing and theme context for the Spotify clone application.", "external_files": ["./theme/ThemeContext", "./layouts/AppLayout", "./pages/Home", "./pages/Search", "./pages/Library"], "external_methods": ["React", "BrowserRouter", "Route", "Routes", "ThemeProvider"], "published": ["default"], "classes": [], "methods": [{"name": "App()", "description": "Main application component that sets up routing and theme context.", "scope": "", "scopeKind": ""}], "calls": ["React", "BrowserRouter", "Routes", "Route", "AppLayout", "Home", "Search", "Library", "ThemeProvider"], "search-terms": ["App.jsx", "React Router", "ThemeProvider", "routing", "React component", "application root", "library", "search page", "frontend"], "state": 2, "file_id": 15, "knowledge_revision": 34, "git_revision": "7f8ecede544281edfdb1e89685807f0775300c0b", "ctags": [{"_type": "tag", "name": "App", "path": "/home/kavia/workspace/code-generation/music-streamer-frontend-239592-239603/spotify_clone_frontend/src/App.jsx", "pattern": "/^export default function App() {$/", "language": "JavaScript", "kind": "function", "signature": "()"}], "hash": "744ab3327a518b270ce1c79d50932069", "format-version": 4, "code-base-name": "spotify_clone_frontend", "filename": "spotify_clone_frontend/src/App.jsx", "revision_history": [{"34": "7f8ecede544281edfdb1e89685807f0775300c0b"}]}