{"is_source_file": true, "format": "JavaScript (React JSX)", "description": "This file defines a React functional component named Sidebar that renders a persistent left navigation sidebar for a Spotify clone application. The component includes navigation links, static information, and a list of library items sourced from mock data.", "external_files": ["react", "react-router-dom", "../atoms/Icon", "../../data/mockData"], "external_methods": ["NavLink", "Icon", "libraryItems.map"], "published": ["Sidebar"], "classes": [], "methods": [{"name": "navClass({ isActive })", "description": "Constructs the className for navigation links based on whether the link is active.", "scope": "", "scopeKind": ""}, {"name": "Sidebar()", "description": "React component rendering the sidebar UI, including navigation, static info, and list of library items.", "scope": "", "scopeKind": ""}], "calls": ["React", "NavLink", "Icon", "libraryItems.map"], "search-terms": ["Sidebar React component", "navigation links React", "library items display", "mock data for library", "Spotify clone sidebar"], "state": 2, "file_id": 23, "knowledge_revision": 62, "git_revision": "", "ctags": [{"_type": "tag", "name": "Sidebar", "path": "/home/kavia/workspace/code-generation/music-streamer-frontend-239592-239603/spotify_clone_frontend/src/components/organisms/Sidebar.js", "pattern": "/^export function Sidebar() {$/", "language": "JavaScript", "kind": "function", "signature": "()"}, {"_type": "tag", "name": "navClass", "path": "/home/kavia/workspace/code-generation/music-streamer-frontend-239592-239603/spotify_clone_frontend/src/components/organisms/Sidebar.js", "pattern": "/^function navClass({ isActive }) {$/", "language": "JavaScript", "kind": "function", "signature": "({ isActive })"}], "hash": "c199a1575b19fecd0ee2f41add3af27b", "format-version": 4, "code-base-name": "spotify_clone_frontend", "filename": "spotify_clone_frontend/src/components/organisms/Sidebar.js", "revision_history": [{"62": ""}]}