{"is_source_file": true, "format": "JavaScript (React JSX)", "description": "This file defines the main App component for a React frontend application, setting up context providers and routing.", "external_files": ["./App.css", "./context/PlayerContext", "./routes/AppRouter"], "external_methods": ["PlayerProvider", "AppRouter"], "published": ["App"], "classes": [], "methods": [{"name": "App()", "description": "Main React component that wraps the application with context providers and routing.", "scope": "", "scopeKind": ""}], "calls": ["React", "PlayerProvider", "AppRouter"], "search-terms": ["React", "App", "PlayerProvider", "AppRouter", "context", "routing", "JSX"], "state": 2, "file_id": 5, "knowledge_revision": 48, "git_revision": "cb547bface2c5b4059ae1a6bb7a9716328610986", "revision_history": [{"25": "cb547bface2c5b4059ae1a6bb7a9716328610986"}, {"48": "cb547bface2c5b4059ae1a6bb7a9716328610986"}], "ctags": [{"_type": "tag", "name": "App", "path": "/home/kavia/workspace/code-generation/music-streamer-frontend-239592-239603/spotify_clone_frontend/src/App.js", "pattern": "/^function App() {$/", "language": "JavaScript", "kind": "function", "signature": "()"}], "hash": "1df42129361cf1dccf07ae3be6d10fa5", "format-version": 4, "code-base-name": "spotify_clone_frontend", "filename": "spotify_clone_frontend/src/App.js"}