{"is_source_file": false, "format": "", "description": "", "external_files": [], "external_methods": [], "published": [], "classes": [], "methods": [], "calls": [], "search-terms": [], "state": 2, "file_id": 10, "knowledge_revision": 17, "git_revision": "cb547bface2c5b4059ae1a6bb7a9716328610986", "hash": "be6538e7523bc2e9da0743133d784136", "format-version": 4, "code-base-name": "spotify_clone_frontend", "filename": "spotify_clone_frontend/eslint.config.mjs", "revision_history": [{"17": "cb547bface2c5b4059ae1a6bb7a9716328610986"}]}