{"is_source_file": true, "format": "JavaScript (React)", "description": "A React functional component defining a reusable Button atom with customizable variants and class names.", "external_files": ["react"], "external_methods": [], "published": ["Button"], "classes": [], "methods": [{"name": "Button({ variant = \"primary\", className = \"\", ...props })", "description": "A React component that renders a button element with different styles based on the variant prop.", "scope": "", "scopeKind": ""}], "calls": ["React"], "search-terms": ["Button component", "React", "button variants", "atom", "Button.js"], "state": 2, "file_id": 19, "knowledge_revision": 58, "git_revision": "", "ctags": [{"_type": "tag", "name": "${base} ${className}", "path": "/home/kavia/workspace/code-generation/music-streamer-frontend-239592-239603/spotify_clone_frontend/src/components/atoms/Button.js", "pattern": "/^  return <button className={`${base} ${className}`} {...props} \\/>;$/", "language": "JavaScript", "kind": "field", "scope": "Button.AnonymousClassd2e96ef60101", "scopeKind": "class"}, {"_type": "tag", "name": "Button", "path": "/home/kavia/workspace/code-generation/music-streamer-frontend-239592-239603/spotify_clone_frontend/src/components/atoms/Button.js", "pattern": "/^export function Button({ variant = \"primary\", className = \"\", ...props }) {$/", "language": "JavaScript", "kind": "function", "signature": "({ variant = \"primary\", className = \"\", ...props })"}], "hash": "c6a0bf0ec7a5fdfacabc92fe8267b6d4", "format-version": 4, "code-base-name": "spotify_clone_frontend", "filename": "spotify_clone_frontend/src/components/atoms/Button.js", "fields": [{"name": "return <button className={`${base} ${className}`} {...props} \\/>;", "scope": "Button.AnonymousClassd2e96ef60101", "scopeKind": "class", "description": "unavailable"}], "revision_history": [{"58": ""}]}