{"is_source_file": false, "format": "", "description": "", "external_files": [], "external_methods": [], "published": [], "classes": [], "methods": [], "calls": [], "search-terms": [], "state": 2, "file_id": 9, "knowledge_revision": 14, "git_revision": "cb547bface2c5b4059ae1a6bb7a9716328610986", "hash": "d2b40d02d5f7873d8a6713bad837edd4", "format-version": 4, "code-base-name": "spotify_clone_frontend", "filename": "spotify_clone_frontend/public/index.html", "revision_history": [{"14": "cb547bface2c5b4059ae1a6bb7a9716328610986"}]}