{"is_source_file": true, "format": "JavaScript (React component)", "description": "A React functional component named PlaylistCard that renders a clickable playlist card with an image, name, and description. It uses react-router-dom's useNavigate hook to navigate to a specific playlist page upon interaction.", "external_files": ["react", "react-router-dom"], "external_methods": ["useNavigate"], "published": ["PlaylistCard"], "classes": [], "methods": [{"name": "PlaylistCard({ playlist })", "description": "A React functional component that displays playlist details and handles navigation upon click or key press.", "scope": "", "scopeKind": ""}], "calls": ["useNavigate", "navigate"], "search-terms": ["PlaylistCard", "react-router-dom", "useNavigate", "playlist", "playlist.cover", "playlist.name", "playlist.description"], "state": 2, "file_id": 22, "knowledge_revision": 61, "git_revision": "", "ctags": [{"_type": "tag", "name": "0", "path": "/home/kavia/workspace/code-generation/music-streamer-frontend-239592-239603/spotify_clone_frontend/src/components/organisms/PlaylistCard.js", "pattern": "/^      tabIndex={0}$/", "language": "JavaScript", "kind": "field", "scope": "PlaylistCard.tabIndex", "scopeKind": "class"}, {"_type": "tag", "name": "PlaylistCard", "path": "/home/kavia/workspace/code-generation/music-streamer-frontend-239592-239603/spotify_clone_frontend/src/components/organisms/PlaylistCard.js", "pattern": "/^export function PlaylistCard({ playlist }) {$/", "language": "JavaScript", "kind": "function", "signature": "({ playlist })"}, {"_type": "tag", "name": "color}", "path": "/home/kavia/workspace/code-generation/music-streamer-frontend-239592-239603/spotify_clone_frontend/src/components/organisms/PlaylistCard.js", "pattern": "/^      className={`card animate-floatIn bg-gradient-to-br ${playlist.color}`}$/", "language": "JavaScript", "kind": "field", "scope": "PlaylistCard.className.card animate-floatIn bg-gradient-to-br ${playlist", "scopeKind": "class"}, {"_type": "tag", "name": "name}", "path": "/home/kavia/workspace/code-generation/music-streamer-frontend-239592-239603/spotify_clone_frontend/src/components/organisms/PlaylistCard.js", "pattern": "/^      aria-label={`Open playlist ${playlist.name}`}$/", "language": "JavaScript", "kind": "field", "scope": "PlaylistCard.aria.Open playlist ${playlist", "scopeKind": "class"}, {"_type": "tag", "name": "playlist", "path": "/home/kavia/workspace/code-generation/music-streamer-frontend-239592-239603/spotify_clone_frontend/src/components/organisms/PlaylistCard.js", "pattern": "/^          src={playlist.cover}$/", "language": "JavaScript", "kind": "field", "scope": "PlaylistCard.src", "scopeKind": "class"}], "hash": "d5c86304ccb37e9a8c6cc809530b7432", "format-version": 4, "code-base-name": "spotify_clone_frontend", "filename": "spotify_clone_frontend/src/components/organisms/PlaylistCard.js", "fields": [{"name": "tabIndex={0}", "scope": "PlaylistCard.tabIndex", "scopeKind": "class", "description": "unavailable"}, {"name": "className={`card animate-floatIn bg-gradient-to-br ${playlist.color}`}", "scope": "PlaylistCard.className.card animate-floatIn bg-gradient-to-br ${playlist", "scopeKind": "class", "description": "unavailable"}, {"name": "aria-label={`Open playlist ${playlist.name}`}", "scope": "PlaylistCard.aria.Open playlist ${playlist", "scopeKind": "class", "description": "unavailable"}, {"name": "src={playlist.cover}", "scope": "PlaylistCard.src", "scopeKind": "class", "description": "unavailable"}], "revision_history": [{"61": ""}]}