{"is_source_file": true, "format": "JavaScript (React JSX)", "description": "This file defines a React component 'LibraryPage' that renders a user interface for a music streaming application's library page, displaying a list of library items from mock data.", "external_files": ["../data/mockData"], "external_methods": [], "published": ["LibraryPage"], "classes": [], "methods": [{"name": "LibraryPage()", "description": "React functional component that displays user's library items including playlists, artists, and albums using mock data.", "scope": "", "scopeKind": ""}], "calls": ["React", "libraryItems.map"], "search-terms": ["LibraryPage", "React component", "music library", "mock data", "frontend", "UI rendering", "music streaming"], "state": 2, "file_id": 29, "knowledge_revision": 68, "git_revision": "", "ctags": [{"_type": "tag", "name": "LibraryPage", "path": "/home/kavia/workspace/code-generation/music-streamer-frontend-239592-239603/spotify_clone_frontend/src/pages/LibraryPage.js", "pattern": "/^export function LibraryPage() {$/", "language": "JavaScript", "kind": "function", "signature": "()"}], "hash": "94137d3c862331f8123649512c49de5f", "format-version": 4, "code-base-name": "spotify_clone_frontend", "filename": "spotify_clone_frontend/src/pages/LibraryPage.js", "revision_history": [{"68": ""}]}