{"is_source_file": true, "format": "JavaScript (React JSX)", "description": "This source file defines a React functional component called SearchPage, which renders a search interface for tracks including input handling and filtering mock track data.", "external_files": ["../components/atoms/Input", "../components/molecules/TrackRow", "../data/mockData"], "external_methods": ["React.useState", "React.useMemo"], "published": ["SearchPage"], "classes": [], "methods": [{"name": "SearchPage()", "description": "React functional component that manages search query state, filters a list of mock tracks based on the query, and displays the results.", "scope": "", "scopeKind": ""}], "calls": ["React.useState", "React.useMemo", "../components/atoms/Input", "../components/molecules/TrackRow", "searchableTracks.filter"], "search-terms": ["SearchPage", "TrackRow", "searchableTracks", "filter", "search input", "React hooks", "track search"], "state": 2, "file_id": 28, "knowledge_revision": 67, "git_revision": "", "ctags": [{"_type": "tag", "name": "SearchPage", "path": "/home/kavia/workspace/code-generation/music-streamer-frontend-239592-239603/spotify_clone_frontend/src/pages/SearchPage.js", "pattern": "/^export function SearchPage() {$/", "language": "JavaScript", "kind": "function", "signature": "()"}, {"_type": "tag", "name": "query", "path": "/home/kavia/workspace/code-generation/music-streamer-frontend-239592-239603/spotify_clone_frontend/src/pages/SearchPage.js", "pattern": "/^          value={query}$/", "language": "JavaScript", "kind": "field", "scope": "SearchPage.value", "scopeKind": "class"}], "hash": "913481f53f6fab12696a123b1223d5c9", "format-version": 4, "code-base-name": "spotify_clone_frontend", "filename": "spotify_clone_frontend/src/pages/SearchPage.js", "fields": [{"name": "value={query}", "scope": "SearchPage.value", "scopeKind": "class", "description": "unavailable"}], "revision_history": [{"67": ""}]}