{"is_source_file": true, "format": "JavaScript", "description": "This file contains mock data for a Spotify clone frontend project, including predefined playlists, library items (artists, playlists, albums), tracks grouped by playlist, and a flat list of searchable tracks. The data is static and used for UI development without backend integration.", "external_files": [], "external_methods": [], "published": ["featuredPlaylists", "libraryItems", "tracksByPlaylist", "searchableTracks"], "classes": [], "methods": [], "calls": [], "search-terms": ["mockData", "featuredPlaylists", "libraryItems", "tracksByPlaylist", "searchableTracks"], "state": 2, "file_id": 15, "knowledge_revision": 54, "git_revision": "", "ctags": [{"_type": "tag", "name": "featuredPlaylists", "path": "/home/kavia/workspace/code-generation/music-streamer-frontend-239592-239603/spotify_clone_frontend/src/data/mockData.js", "pattern": "/^export const featuredPlaylists = [$/", "language": "JavaScript", "kind": "constant"}, {"_type": "tag", "name": "libraryItems", "path": "/home/kavia/workspace/code-generation/music-streamer-frontend-239592-239603/spotify_clone_frontend/src/data/mockData.js", "pattern": "/^export const libraryItems = [$/", "language": "JavaScript", "kind": "constant"}, {"_type": "tag", "name": "pl_chill", "path": "/home/kavia/workspace/code-generation/music-streamer-frontend-239592-239603/spotify_clone_frontend/src/data/mockData.js", "pattern": "/^  pl_chill: [$/", "language": "JavaScript", "kind": "property", "scope": "tracksByPlaylist", "scopeKind": "class"}, {"_type": "tag", "name": "pl_discover", "path": "/home/kavia/workspace/code-generation/music-streamer-frontend-239592-239603/spotify_clone_frontend/src/data/mockData.js", "pattern": "/^  pl_discover: [$/", "language": "JavaScript", "kind": "property", "scope": "tracksByPlaylist", "scopeKind": "class"}, {"_type": "tag", "name": "pl_focus", "path": "/home/kavia/workspace/code-generation/music-streamer-frontend-239592-239603/spotify_clone_frontend/src/data/mockData.js", "pattern": "/^  pl_focus: [$/", "language": "JavaScript", "kind": "property", "scope": "tracksByPlaylist", "scopeKind": "class"}, {"_type": "tag", "name": "pl_workout", "path": "/home/kavia/workspace/code-generation/music-streamer-frontend-239592-239603/spotify_clone_frontend/src/data/mockData.js", "pattern": "/^  pl_workout: [$/", "language": "JavaScript", "kind": "property", "scope": "tracksByPlaylist", "scopeKind": "class"}, {"_type": "tag", "name": "tracksByPlaylist", "path": "/home/kavia/workspace/code-generation/music-streamer-frontend-239592-239603/spotify_clone_frontend/src/data/mockData.js", "pattern": "/^export const tracksByPlaylist = {$/", "language": "JavaScript", "kind": "class"}], "hash": "37a497b676a42dfdc2bb85946c09e41b", "format-version": 4, "code-base-name": "spotify_clone_frontend", "filename": "spotify_clone_frontend/src/data/mockData.js", "fields": [{"name": "pl_chill: [", "scope": "tracksByPlaylist", "scopeKind": "class", "description": "unavailable"}, {"name": "pl_discover: [", "scope": "tracksByPlaylist", "scopeKind": "class", "description": "unavailable"}, {"name": "pl_focus: [", "scope": "tracksByPlaylist", "scopeKind": "class", "description": "unavailable"}, {"name": "pl_workout: [", "scope": "tracksByPlaylist", "scopeKind": "class", "description": "unavailable"}], "revision_history": [{"54": ""}]}