{"is_source_file": true, "format": "JavaScript (React JSX)", "description": "This file defines a React functional component 'NotFoundPage' that renders a 404 error page with navigation back to the home route.", "external_files": ["react", "react-router-dom", "../components/atoms/Button"], "external_methods": ["React", "Link from react-router-dom", "Button component"], "published": ["NotFoundPage"], "classes": [], "methods": [{"name": "NotFoundPage()", "description": "A React functional component rendering a custom 404 page", "scope": "", "scopeKind": ""}], "calls": ["React", "Link to", "Button"], "search-terms": ["NotFoundPage", "404 page", "React", "react-router-dom", "Button component", "Page not found"], "state": 2, "file_id": 31, "knowledge_revision": 70, "git_revision": "", "ctags": [{"_type": "tag", "name": "NotFoundPage", "path": "/home/kavia/workspace/code-generation/music-streamer-frontend-239592-239603/spotify_clone_frontend/src/pages/NotFoundPage.js", "pattern": "/^export function NotFoundPage() {$/", "language": "JavaScript", "kind": "function", "signature": "()"}], "hash": "97f71f78e795ec04d47064528779da46", "format-version": 4, "code-base-name": "spotify_clone_frontend", "filename": "spotify_clone_frontend/src/pages/NotFoundPage.js", "revision_history": [{"70": ""}]}