{"is_source_file": true, "format": "JavaScript", "description": "React component for the HomePage of a music streaming app, displaying featured playlists with mock data.", "external_files": ["../data/mockData", "../components/organisms/PlaylistCard"], "external_methods": [], "published": ["HomePage"], "classes": [], "methods": [{"name": "HomePage()", "description": "React functional component rendering the home page with featured playlists.", "scope": "", "scopeKind": ""}], "calls": ["React", "featuredPlaylists.map", "PlaylistCard"], "search-terms": ["HomePage", "React", "PlaylistCard", "featuredPlaylists", "mockData", "music streaming", "frontend"], "state": 2, "file_id": 27, "knowledge_revision": 66, "git_revision": "", "ctags": [{"_type": "tag", "name": "HomePage", "path": "/home/kavia/workspace/code-generation/music-streamer-frontend-239592-239603/spotify_clone_frontend/src/pages/HomePage.js", "pattern": "/^export function HomePage() {$/", "language": "JavaScript", "kind": "function", "signature": "()"}], "hash": "98ab02f901e8ec05e2bfe21eeb4eabfa", "format-version": 4, "code-base-name": "spotify_clone_frontend", "filename": "spotify_clone_frontend/src/pages/HomePage.js", "revision_history": [{"66": ""}]}