{"is_source_file": false, "format": "", "description": "", "external_files": [], "external_methods": [], "published": [], "classes": [], "methods": [], "calls": [], "search-terms": [], "state": 2, "file_id": 13, "knowledge_revision": 52, "git_revision": "", "ctags": [{"_type": "tag", "name": "0%", "path": "/home/kavia/workspace/code-generation/music-streamer-frontend-239592-239603/spotify_clone_frontend/tailwind.config.js", "pattern": "/^          \"0%\": { opacity: \"0\", transform: \"translateY(6px)\" },$/", "language": "JavaScript", "kind": "class", "scope": "module.exports.theme.extend.keyframes.floatIn", "scopeKind": "class"}, {"_type": "tag", "name": "100%", "path": "/home/kavia/workspace/code-generation/music-streamer-frontend-239592-239603/spotify_clone_frontend/tailwind.config.js", "pattern": "/^          \"100%\": { opacity: \"1\", transform: \"translateY(0)\" }$/", "language": "JavaScript", "kind": "class", "scope": "module.exports.theme.extend.keyframes.floatIn", "scopeKind": "class"}, {"_type": "tag", "name": "animation", "path": "/home/kavia/workspace/code-generation/music-streamer-frontend-239592-239603/spotify_clone_frontend/tailwind.config.js", "pattern": "/^      animation: {$/", "language": "JavaScript", "kind": "class", "scope": "module.exports.theme.extend", "scopeKind": "class"}, {"_type": "tag", "name": "black", "path": "/home/kavia/workspace/code-generation/music-streamer-frontend-239592-239603/spotify_clone_frontend/tailwind.config.js", "pattern": "/^          black: \"#0B0B0F\",$/", "language": "JavaScript", "kind": "property", "scope": "module.exports.theme.extend.colors.spotify", "scopeKind": "class"}, {"_type": "tag", "name": "boxShadow", "path": "/home/kavia/workspace/code-generation/music-streamer-frontend-239592-239603/spotify_clone_frontend/tailwind.config.js", "pattern": "/^      boxShadow: {$/", "language": "JavaScript", "kind": "class", "scope": "module.exports.theme.extend", "scopeKind": "class"}, {"_type": "tag", "name": "colors", "path": "/home/kavia/workspace/code-generation/music-streamer-frontend-239592-239603/spotify_clone_frontend/tailwind.config.js", "pattern": "/^      colors: {$/", "language": "JavaScript", "kind": "class", "scope": "module.exports.theme.extend", "scopeKind": "class"}, {"_type": "tag", "name": "content", "path": "/home/kavia/workspace/code-generation/music-streamer-frontend-239592-239603/spotify_clone_frontend/tailwind.config.js", "pattern": "/^  content: [\".\\/src\\/**\\/*.{js,jsx,ts,tsx}\", \".\\/public\\/index.html\"],$/", "language": "JavaScript", "kind": "property", "scope": "module.exports", "scopeKind": "class"}, {"_type": "tag", "name": "exports", "path": "/home/kavia/workspace/code-generation/music-streamer-frontend-239592-239603/spotify_clone_frontend/tailwind.config.js", "pattern": "/^module.exports = {$/", "language": "JavaScript", "kind": "class", "scope": "module", "scopeKind": "class"}, {"_type": "tag", "name": "extend", "path": "/home/kavia/workspace/code-generation/music-streamer-frontend-239592-239603/spotify_clone_frontend/tailwind.config.js", "pattern": "/^    extend: {$/", "language": "JavaScript", "kind": "class", "scope": "module.exports.theme", "scopeKind": "class"}, {"_type": "tag", "name": "floatIn", "path": "/home/kavia/workspace/code-generation/music-streamer-frontend-239592-239603/spotify_clone_frontend/tailwind.config.js", "pattern": "/^        floatIn: \"floatIn 260ms ease-out\"$/", "language": "JavaScript", "kind": "property", "scope": "module.exports.theme.extend.animation", "scopeKind": "class"}, {"_type": "tag", "name": "floatIn", "path": "/home/kavia/workspace/code-generation/music-streamer-frontend-239592-239603/spotify_clone_frontend/tailwind.config.js", "pattern": "/^        floatIn: {$/", "language": "JavaScript", "kind": "class", "scope": "module.exports.theme.extend.keyframes", "scopeKind": "class"}, {"_type": "tag", "name": "green", "path": "/home/kavia/workspace/code-generation/music-streamer-frontend-239592-239603/spotify_clone_frontend/tailwind.config.js", "pattern": "/^          green: \"#1DB954\",$/", "language": "JavaScript", "kind": "property", "scope": "module.exports.theme.extend.colors.spotify", "scopeKind": "class"}, {"_type": "tag", "name": "keyframes", "path": "/home/kavia/workspace/code-generation/music-streamer-frontend-239592-239603/spotify_clone_frontend/tailwind.config.js", "pattern": "/^      keyframes: {$/", "language": "JavaScript", "kind": "class", "scope": "module.exports.theme.extend", "scopeKind": "class"}, {"_type": "tag", "name": "muted", "path": "/home/kavia/workspace/code-generation/music-streamer-frontend-239592-239603/spotify_clone_frontend/tailwind.config.js", "pattern": "/^          muted: \"#A7A7A7\"$/", "language": "JavaScript", "kind": "property", "scope": "module.exports.theme.extend.colors.spotify", "scopeKind": "class"}, {"_type": "tag", "name": "opacity", "path": "/home/kavia/workspace/code-generation/music-streamer-frontend-239592-239603/spotify_clone_frontend/tailwind.config.js", "pattern": "/^          \"0%\": { opacity: \"0\", transform: \"translateY(6px)\" },$/", "language": "JavaScript", "kind": "property", "scope": "module.exports.theme.extend.keyframes.floatIn.0%", "scopeKind": "class"}, {"_type": "tag", "name": "opacity", "path": "/home/kavia/workspace/code-generation/music-streamer-frontend-239592-239603/spotify_clone_frontend/tailwind.config.js", "pattern": "/^          \"100%\": { opacity: \"1\", transform: \"translateY(0)\" }$/", "language": "JavaScript", "kind": "property", "scope": "module.exports.theme.extend.keyframes.floatIn.100%", "scopeKind": "class"}, {"_type": "tag", "name": "panel", "path": "/home/kavia/workspace/code-generation/music-streamer-frontend-239592-239603/spotify_clone_frontend/tailwind.config.js", "pattern": "/^          panel: \"#121218\",$/", "language": "JavaScript", "kind": "property", "scope": "module.exports.theme.extend.colors.spotify", "scopeKind": "class"}, {"_type": "tag", "name": "panel2", "path": "/home/kavia/workspace/code-generation/music-streamer-frontend-239592-239603/spotify_clone_frontend/tailwind.config.js", "pattern": "/^          panel2: \"#181826\",$/", "language": "JavaScript", "kind": "property", "scope": "module.exports.theme.extend.colors.spotify", "scopeKind": "class"}, {"_type": "tag", "name": "plugins", "path": "/home/kavia/workspace/code-generation/music-streamer-frontend-239592-239603/spotify_clone_frontend/tailwind.config.js", "pattern": "/^  plugins: []$/", "language": "JavaScript", "kind": "property", "scope": "module.exports", "scopeKind": "class"}, {"_type": "tag", "name": "soft", "path": "/home/kavia/workspace/code-generation/music-streamer-frontend-239592-239603/spotify_clone_frontend/tailwind.config.js", "pattern": "/^        soft: \"0 10px 30px rgba(0,0,0,0.35)\"$/", "language": "JavaScript", "kind": "property", "scope": "module.exports.theme.extend.boxShadow", "scopeKind": "class"}, {"_type": "tag", "name": "spotify", "path": "/home/kavia/workspace/code-generation/music-streamer-frontend-239592-239603/spotify_clone_frontend/tailwind.config.js", "pattern": "/^        spotify: {$/", "language": "JavaScript", "kind": "class", "scope": "module.exports.theme.extend.colors", "scopeKind": "class"}, {"_type": "tag", "name": "text", "path": "/home/kavia/workspace/code-generation/music-streamer-frontend-239592-239603/spotify_clone_frontend/tailwind.config.js", "pattern": "/^          text: \"#EDEDED\",$/", "language": "JavaScript", "kind": "property", "scope": "module.exports.theme.extend.colors.spotify", "scopeKind": "class"}, {"_type": "tag", "name": "theme", "path": "/home/kavia/workspace/code-generation/music-streamer-frontend-239592-239603/spotify_clone_frontend/tailwind.config.js", "pattern": "/^  theme: {$/", "language": "JavaScript", "kind": "class", "scope": "module.exports", "scopeKind": "class"}, {"_type": "tag", "name": "transform", "path": "/home/kavia/workspace/code-generation/music-streamer-frontend-239592-239603/spotify_clone_frontend/tailwind.config.js", "pattern": "/^          \"0%\": { opacity: \"0\", transform: \"translateY(6px)\" },$/", "language": "JavaScript", "kind": "property", "scope": "module.exports.theme.extend.keyframes.floatIn.0%", "scopeKind": "class"}, {"_type": "tag", "name": "transform", "path": "/home/kavia/workspace/code-generation/music-streamer-frontend-239592-239603/spotify_clone_frontend/tailwind.config.js", "pattern": "/^          \"100%\": { opacity: \"1\", transform: \"translateY(0)\" }$/", "language": "JavaScript", "kind": "property", "scope": "module.exports.theme.extend.keyframes.floatIn.100%", "scopeKind": "class"}], "hash": "55f9cd3759d9bc3ec7bb79438d043119", "format-version": 4, "code-base-name": "spotify_clone_frontend", "filename": "spotify_clone_frontend/tailwind.config.js", "fields": [{"name": "black: \"#0B0B0F\",", "scope": "module.exports.theme.extend.colors.spotify", "scopeKind": "class", "description": "unavailable"}, {"name": "content: [\".\\/src\\/**\\/*.{js,jsx,ts,tsx}\", \".\\/public\\/index.html\"],", "scope": "module.exports", "scopeKind": "class", "description": "unavailable"}, {"name": "floatIn: \"floatIn 260ms ease-out\"", "scope": "module.exports.theme.extend.animation", "scopeKind": "class", "description": "unavailable"}, {"name": "green: \"#1DB954\",", "scope": "module.exports.theme.extend.colors.spotify", "scopeKind": "class", "description": "unavailable"}, {"name": "muted: \"#A7A7A7\"", "scope": "module.exports.theme.extend.colors.spotify", "scopeKind": "class", "description": "unavailable"}, {"name": "\"0%\": { opacity: \"0\", transform: \"translateY(6px)\" },", "scope": "module.exports.theme.extend.keyframes.floatIn.0%", "scopeKind": "class", "description": "unavailable"}, {"name": "\"100%\": { opacity: \"1\", transform: \"translateY(0)\" }", "scope": "module.exports.theme.extend.keyframes.floatIn.100%", "scopeKind": "class", "description": "unavailable"}, {"name": "panel: \"#121218\",", "scope": "module.exports.theme.extend.colors.spotify", "scopeKind": "class", "description": "unavailable"}, {"name": "panel2: \"#181826\",", "scope": "module.exports.theme.extend.colors.spotify", "scopeKind": "class", "description": "unavailable"}, {"name": "plugins: []", "scope": "module.exports", "scopeKind": "class", "description": "unavailable"}, {"name": "soft: \"0 10px 30px rgba(0,0,0,0.35)\"", "scope": "module.exports.theme.extend.boxShadow", "scopeKind": "class", "description": "unavailable"}, {"name": "text: \"#EDEDED\",", "scope": "module.exports.theme.extend.colors.spotify", "scopeKind": "class", "description": "unavailable"}], "revision_history": [{"52": ""}]}