{"is_source_file": false, "format": "", "description": "", "external_files": [], "external_methods": [], "published": [], "classes": [], "methods": [], "calls": [], "search-terms": [], "state": 2, "file_id": 18, "knowledge_revision": 37, "git_revision": "7f8ecede544281edfdb1e89685807f0775300c0b", "hash": "0daf5c86a2939ed5a5d1c24bd30b0f5c", "format-version": 4, "code-base-name": "spotify_clone_frontend", "filename": "spotify_clone_frontend/README.md", "revision_history": [{"37": "7f8ecede544281edfdb1e89685807f0775300c0b"}]}