{"is_source_file": true, "format": "JavaScript (React JSX)", "description": "This file defines the 'AppLayout' React component that serves as the main layout for a Spotify clone frontend, including sidebar, top navigation, outlet for routed content, and bottom player.", "external_files": ["../components/organisms/Sidebar", "../components/organisms/TopNav", "../components/organisms/BottomPlayer", "react", "react-router-dom"], "external_methods": ["useLocation", "Outlet"], "published": ["AppLayout"], "classes": [], "methods": [{"name": "titleFromPath(pathname)", "description": "Determines the page title based on the current URL path.", "scope": "", "scopeKind": ""}, {"name": "AppLayout()", "scope": "", "scopeKind": "", "description": "unavailable"}], "calls": ["react", "react-router-dom.useLocation", "react-router-dom.Outlet", "Sidebar", "TopNav", "BottomPlayer"], "search-terms": ["React", "AppLayout", "Layout component", "spotify clone", "routing", "navigation", "sidebar", "bottom player"], "state": 2, "file_id": 26, "knowledge_revision": 65, "git_revision": "", "ctags": [{"_type": "tag", "name": "AppLayout", "path": "/home/kavia/workspace/code-generation/music-streamer-frontend-239592-239603/spotify_clone_frontend/src/layouts/AppLayout.js", "pattern": "/^export function AppLayout() {$/", "language": "JavaScript", "kind": "function", "signature": "()"}, {"_type": "tag", "name": "titleFromPath", "path": "/home/kavia/workspace/code-generation/music-streamer-frontend-239592-239603/spotify_clone_frontend/src/layouts/AppLayout.js", "pattern": "/^function titleFromPath(pathname) {$/", "language": "JavaScript", "kind": "function", "signature": "(pathname)"}], "hash": "1ef65f4aed5679b712f7ea7662e7cb63", "format-version": 4, "code-base-name": "spotify_clone_frontend", "filename": "spotify_clone_frontend/src/layouts/AppLayout.js", "revision_history": [{"65": ""}]}