{"is_source_file": true, "format": "JavaScript/JSX", "description": "This file defines a React component for the Library page in a music streaming web application, rendering a list of user playlists.", "external_files": ["react"], "external_methods": [], "published": ["Library"], "classes": [], "methods": [{"name": "Library()", "description": "A React functional component that renders the user's music library section including playlist items.", "scope": "", "scopeKind": ""}], "calls": ["React"], "search-terms": ["Library", "React component", "Music library page", "Playlists", "JSX"], "state": 2, "file_id": 14, "knowledge_revision": 33, "git_revision": "7f8ecede544281edfdb1e89685807f0775300c0b", "ctags": [{"_type": "tag", "name": "Library", "path": "/home/kavia/workspace/code-generation/music-streamer-frontend-239592-239603/spotify_clone_frontend/src/pages/Library.jsx", "pattern": "/^export default function Library() {$/", "language": "JavaScript", "kind": "function", "signature": "()"}], "hash": "410b679dc7ca6cb4f194ffa61b122a54", "format-version": 4, "code-base-name": "spotify_clone_frontend", "filename": "spotify_clone_frontend/src/pages/Library.jsx", "revision_history": [{"33": "7f8ecede544281edfdb1e89685807f0775300c0b"}]}