{"is_source_file": true, "format": "JavaScript", "description": "This file defines a React hook for reporting web vitals metrics. It exports a default function that conditionally executes a callback if provided, but currently the function implementation is minimal and does not perform any actions.", "external_files": [], "external_methods": ["Function"], "published": ["reportWebVitals"], "classes": [], "methods": [{"name": "reportWebVitals(onPerfEntry)", "description": "A React hook for monitoring and reporting web vital metrics, with a minimal implementation that invokes a callback if provided.", "scope": "", "scopeKind": ""}], "calls": [], "search-terms": ["reportWebVitals", "web vitals", "CRA", "monitoring", "performance metrics"], "state": 2, "file_id": 16, "knowledge_revision": 35, "git_revision": "7f8ecede544281edfdb1e89685807f0775300c0b", "ctags": [{"_type": "tag", "name": "reportWebVitals", "path": "/home/kavia/workspace/code-generation/music-streamer-frontend-239592-239603/spotify_clone_frontend/src/reportWebVitals.js", "pattern": "/^export default function reportWebVitals(onPerfEntry) {$/", "language": "JavaScript", "kind": "function", "signature": "(onPerfEntry)"}], "hash": "be1ec25e74759e798ebb66407fe1891e", "format-version": 4, "code-base-name": "spotify_clone_frontend", "filename": "spotify_clone_frontend/src/reportWebVitals.js", "revision_history": [{"35": "7f8ecede544281edfdb1e89685807f0775300c0b"}]}