{"is_source_file": false, "format": "", "description": "", "external_files": [], "external_methods": [], "published": [], "classes": [], "methods": [], "calls": [], "search-terms": [], "state": 2, "file_id": 3, "knowledge_revision": 71, "git_revision": "25934b3991e0621a9f77ed1f5073570e8e7236ad", "revision_history": [{"29": "cb547bface2c5b4059ae1a6bb7a9716328610986"}, {"71": "25934b3991e0621a9f77ed1f5073570e8e7236ad"}], "hash": "923e32c544b6cdf59d8424b9ab9ea428", "format-version": 4, "code-base-name": "spotify_clone_frontend", "filename": "spotify_clone_frontend/src/index.css"}