{"is_source_file": true, "format": "JavaScript (React component)", "description": "A React functional component representing a styled input field with Spotify-like aesthetics, intended as a reusable atom component.", "external_files": ["react"], "external_methods": [], "published": ["Input"], "classes": [], "methods": [{"name": "Input({ className = \"\", ...props })", "description": "A React functional component that renders a styled input element with customizable className and other props.", "scope": "", "scopeKind": ""}], "calls": ["React"], "search-terms": ["Input", "React functional component", "styled input", "Spotify-like styling", "atom component"], "state": 2, "file_id": 20, "knowledge_revision": 59, "git_revision": "", "ctags": [{"_type": "tag", "name": "Input", "path": "/home/kavia/workspace/code-generation/music-streamer-frontend-239592-239603/spotify_clone_frontend/src/components/atoms/Input.js", "pattern": "/^export function Input({ className = \"\", ...props }) {$/", "language": "JavaScript", "kind": "function", "signature": "({ className = \"\", ...props })"}, {"_type": "tag", "name": "w-full rounded-full bg-white/5 px-4 py-2 text-sm text-spotify-text placeholder:text-spotify-muted\n      ring-1 ring-white/10 focus:outline-none focus:ring-2 focus:ring-spotify-green/40 ${className}", "path": "/home/kavia/workspace/code-generation/music-streamer-frontend-239592-239603/spotify_clone_frontend/src/components/atoms/Input.js", "pattern": "/^      ring-1 ring-white\\/10 focus:outline-none focus:ring-2 focus:ring-spotify-green\\/40 ${class/", "language": "JavaScript", "kind": "field", "scope": "Input.className", "scopeKind": "class"}], "hash": "14ba3023aec3d52cff9bc96e4a2e10f2", "format-version": 4, "code-base-name": "spotify_clone_frontend", "filename": "spotify_clone_frontend/src/components/atoms/Input.js", "fields": [{"name": "ring-1 ring-white\\/10 focus:outline-none focus:ring-2 focus:ring-spotify-green\\/40 ${class/", "scope": "Input.className", "scopeKind": "class", "description": "unavailable"}], "revision_history": [{"59": ""}]}